N,GLY1,-27.279,6.238,-12.314,1.55
C,GLY1,-26.249,6.028,-11.313,1.7
C,GLY1,-25.582,4.677,-11.471,1.7
O,GLY1,-25.731,4.023,-12.501,1.52
N,ILE2,-24.853,4.248,-10.446,1.55
C,ILE2,-24.07,3.023,-10.55,1.7
C,ILE2,-24.915,1.786,-10.84,1.7
O,ILE2,-24.469,0.865,-11.529,1.52
C,ILE2,-23.208,2.791,-9.302,1.7
C,ILE2,-22.249,1.62,-9.538,1.7
C,ILE2,-24.09,2.579,-8.068,1.7
C,ILE2,-21.209,1.479,-8.457,1.7
N,VAL3,-26.137,1.755,-10.324,1.55
C,VAL3,-26.993,0.599,-10.563,1.7
C,VAL3,-27.324,0.471,-12.049,1.7
O,VAL3,-27.258,-0.617,-12.621,1.52
C,VAL3,-28.284,0.657,-9.74,1.7
C,VAL3,-29.194,-0.497,-10.127,1.7
C,VAL3,-27.956,0.613,-8.242,1.7
N,GLU4,-27.669,1.596,-12.667,1.55
C,GLU4,-28.001,1.627,-14.086,1.7
C,GLU4,-26.797,1.224,-14.927,1.7
O,GLU4,-26.933,0.517,-15.924,1.52
C,GLU4,-28.474,3.027,-14.485,1.7
C,GLU4,-29.829,3.42,-13.908,1.7
C,GLU4,-29.832,3.535,-12.387,1.7
O,GLU4,-28.868,4.094,-11.814,1.52
O,GLU4,-30.812,3.071,-11.762,1.52
N,GLN5,-25.615,1.664,-14.508,1.55
C,GLN5,-24.393,1.41,-15.266,1.7
C,GLN5,-23.776,0.028,-15.056,1.7
O,GLN5,-23.149,-0.511,-15.967,1.52
C,GLN5,-23.349,2.492,-14.974,1.7
C,GLN5,-23.818,3.887,-15.346,1.7
C,GLN5,-24.535,3.921,-16.693,1.7
O,GLN5,-24.074,3.334,-17.674,1.52
N,GLN5,-25.671,4.609,-16.741,1.55
N,CYS6,-23.94,-0.551,-13.868,1.55
C,CYS6,-23.214,-1.776,-13.549,1.7
C,CYS6,-24.114,-2.963,-13.225,1.7
O,CYS6,-23.677,-4.107,-13.293,1.52
C,CYS6,-22.235,-1.524,-12.396,1.7
S,CYS6,-20.756,-0.602,-12.893,1.8
N,CYS7,-25.359,-2.685,-12.86,1.55
C,CYS7,-26.307,-3.744,-12.52,1.7
C,CYS7,-27.245,-4.032,-13.69,1.7
O,CYS7,-27.307,-5.155,-14.19,1.52
C,CYS7,-27.119,-3.351,-11.286,1.7
S,CYS7,-28.355,-4.584,-10.791,1.8
N,CYS7,-24.8,-6.679,-9.273,1.55
C,CYS7,-25.899,-6.104,-8.513,1.7
C,CYS7,-25.754,-6.421,-7.034,1.7
O,CYS7,-25.231,-7.471,-6.665,1.52
C,CYS7,-27.236,-6.664,-9.009,1.7
S,CYS7,-27.554,-6.459,-10.788,1.8
N,THR8,-27.967,-3.001,-14.122,1.55
C,THR8,-28.901,-3.121,-15.236,1.7
C,THR8,-28.147,-3.334,-16.542,1.7
O,THR8,-28.647,-3.986,-17.454,1.52
C,THR8,-29.78,-1.868,-15.371,1.7
O,THR8,-30.023,-1.303,-14.08,1.52
C,THR8,-31.1,-2.218,-16.029,1.7
N,SER9,-26.948,-2.769,-16.63,1.55
C,SER9,-26.064,-3.019,-17.765,1.7
C,SER9,-24.699,-3.529,-17.309,1.7
O,SER9,-24.419,-3.594,-16.111,1.52
C,SER9,-25.91,-1.765,-18.626,1.7
O,SER9,-25.465,-0.67,-17.851,1.52
N,SER9,-24.741,-7.136,-3.447,1.55
C,SER9,-23.484,-7.444,-2.778,1.7
C,SER9,-22.36,-7.702,-3.78,1.7
O,SER9,-21.183,-7.509,-3.473,1.52
C,SER9,-23.648,-8.663,-1.863,1.7
O,SER9,-23.919,-9.813,-2.638,1.52
N,ILE10,-23.849,-3.891,-18.261,1.55
C,ILE10,-22.562,-4.492,-17.924,1.7
C,ILE10,-21.591,-3.454,-17.367,1.7
O,ILE10,-21.42,-2.38,-17.934,1.52
C,ILE10,-21.942,-5.216,-19.128,1.7
C,ILE10,-22.88,-6.328,-19.595,1.7
C,ILE10,-20.577,-5.79,-18.77,1.7
C,ILE10,-22.302,-7.179,-20.689,1.7
N,CYS11,-20.972,-3.79,-16.24,1.55
C,CYS11,-20.088,-2.876,-15.534,1.7
C,CYS11,-18.752,-2.779,-16.258,1.7
O,CYS11,-18.491,-3.524,-17.204,1.52
C,CYS11,-19.867,-3.387,-14.106,1.7
S,CYS11,-19.406,-2.114,-12.908,1.8
N,SER12,-17.902,-1.865,-15.807,1.55
C,SER12,-16.554,-1.767,-16.349,1.7
C,SER12,-15.634,-1.22,-15.281,1.7
O,SER12,-16.076,-0.508,-14.375,1.52
C,SER12,-16.53,-0.845,-17.559,1.7
O,SER12,-16.681,0.502,-17.157,1.52
N,LEU13,-14.346,-1.528,-15.392,1.55
C,LEU13,-13.378,-1.013,-14.426,1.7
C,LEU13,-13.412,0.508,-14.438,1.7
O,LEU13,-13.329,1.158,-13.393,1.52
C,LEU13,-11.971,-1.517,-14.751,1.7
C,LEU13,-10.86,-0.998,-13.84,1.7
C,LEU13,-11.104,-1.386,-12.388,1.7
C,LEU13,-9.522,-1.53,-14.308,1.7
N,TYR14,-13.55,1.075,-15.632,1.55
C,TYR14,-13.559,2.521,-15.774,1.7
C,TYR14,-14.638,3.14,-14.893,1.7
O,TYR14,-14.391,4.094,-14.152,1.52
C,TYR14,-13.771,2.911,-17.239,1.7
C,TYR14,-13.786,2.928,-17.233,1.7
C,TYR14,-13.608,4.388,-17.494,1.7
C,TYR14,-13.829,4.427,-17.427,1.7
C,TYR14,-12.442,4.893,-18.059,1.7
C,TYR14,-12.714,5.121,-17.879,1.7
C,TYR14,-14.614,5.282,-17.153,1.7
C,TYR14,-14.98,5.152,-17.138,1.7
C,TYR14,-12.289,6.252,-18.283,1.7
C,TYR14,-12.746,6.496,-18.047,1.7
C,TYR14,-14.472,6.636,-17.372,1.7
C,TYR14,-15.021,6.527,-17.3,1.7
C,TYR14,-13.311,7.117,-17.938,1.7
C,TYR14,-13.902,7.193,-17.757,1.7
O,TYR14,-13.179,8.469,-18.153,1.52
O,TYR14,-13.938,8.561,-17.922,1.52
N,GLN15,-15.837,2.584,-14.969,1.55
C,GLN15,-16.962,3.129,-14.222,1.7
C,GLN15,-16.837,2.882,-12.722,1.7
O,GLN15,-17.121,3.764,-11.917,1.52
C,GLN15,-18.275,2.561,-14.758,1.7
C,GLN15,-18.527,2.905,-16.214,1.7
C,GLN15,-19.997,3.039,-16.527,1.7
O,GLN15,-20.68,3.914,-15.987,1.52
N,GLN15,-20.497,2.177,-17.41,1.55
N,LEU16,-16.399,1.687,-12.346,1.55
C,LEU16,-16.236,1.38,-10.93,1.7
C,LEU16,-15.301,2.382,-10.273,1.7
O,LEU16,-15.565,2.868,-9.172,1.52
C,LEU16,-15.703,-0.037,-10.742,1.7
C,LEU16,-16.709,-1.151,-11.013,1.7
C,LEU16,-16.007,-2.496,-11.058,1.7
C,LEU16,-17.786,-1.124,-9.936,1.7
N,GLU17,-14.199,2.703,-10.95,1.55
C,GLU17,-13.219,3.608,-10.365,1.7
C,GLU17,-13.763,5.026,-10.18,1.7
O,GLU17,-13.259,5.782,-9.351,1.52
C,GLU17,-11.91,3.598,-11.155,1.7
C,GLU17,-11.09,2.343,-10.898,1.7
C,GLU17,-9.623,2.514,-11.24,1.7
O,GLU17,-9.301,3.347,-12.11,1.52
O,GLU17,-8.792,1.805,-10.64,1.52
N,ASN18,-14.799,5.374,-10.932,1.55
C,ASN18,-15.48,6.657,-10.735,1.7
C,ASN18,-16.08,6.766,-9.334,1.7
O,ASN18,-16.469,7.849,-8.89,1.52
C,ASN18,-16.587,6.839,-11.774,1.7
C,ASN18,-16.061,7.344,-13.113,1.7
O,ASN18,-15.007,7.974,-13.18,1.52
N,ASN18,-16.802,7.07,-14.18,1.55
N,TYR19,-16.163,5.64,-8.638,1.55
C,TYR19,-16.803,5.618,-7.327,1.7
C,TYR19,-15.822,5.394,-6.18,1.7
O,TYR19,-16.223,5.337,-5.018,1.52
C,TYR19,-17.945,4.599,-7.298,1.7
C,TYR19,-19.068,4.966,-8.236,1.7
C,TYR19,-19.115,4.453,-9.521,1.7
C,TYR19,-20.066,5.848,-7.844,1.7
C,TYR19,-20.126,4.796,-10.385,1.7
C,TYR19,-21.082,6.2,-8.708,1.7
C,TYR19,-21.104,5.672,-9.979,1.7
O,TYR19,-22.114,6.009,-10.853,1.52
N,CYS20,-14.534,5.281,-6.499,1.55
C,CYS20,-13.51,5.251,-5.459,1.7
C,CYS20,-13.334,6.645,-4.882,1.7
O,CYS20,-13.526,7.639,-5.585,1.52
C,CYS20,-12.169,4.783,-6.021,1.7
S,CYS20,-12.209,3.187,-6.829,1.8
N,ASN21,-12.955,6.716,-3.609,1.55
C,ASN21,-12.63,7.993,-2.976,1.7
C,ASN21,-11.279,8.511,-3.448,1.7
O,ASN21,-10.515,7.79,-4.091,1.52
C,ASN21,-12.615,7.863,-1.45,1.7
C,ASN21,-13.978,7.548,-0.878,1.7
O,ASN21,-14.107,6.726,0.029,1.52
N,ASN21,-15.008,8.198,-1.408,1.55
O,ASN21,-10.922,9.659,-3.189,1.52
N,PHE1,-13.174,-9.74,-13.251,1.55
C,PHE1,-14.387,-9.892,-12.452,1.7
C,PHE1,-15.31,-8.684,-12.59,1.7
O,PHE1,-16.451,-8.715,-12.133,1.52
C,PHE1,-14.042,-10.126,-10.973,1.7
C,PHE1,-13.222,-9.024,-10.356,1.7
C,PHE1,-13.816,-8.05,-9.571,1.7
C,PHE1,-11.854,-8.964,-10.565,1.7
C,PHE1,-13.059,-7.037,-9.008,1.7
C,PHE1,-11.093,-7.959,-10.002,1.7
C,PHE1,-11.696,-6.993,-9.224,1.7
N,VAL2,-14.819,-7.623,-13.228,1.55
C,VAL2,-15.568,-6.367,-13.273,1.7
C,VAL2,-16.402,-6.197,-14.541,1.7
O,VAL2,-17.249,-5.306,-14.628,1.52
C,VAL2,-14.633,-5.163,-13.114,1.7
C,VAL2,-14.056,-5.139,-11.705,1.7
C,VAL2,-13.519,-5.227,-14.141,1.7
N,ASN3,-16.158,-7.045,-15.528,1.55
C,ASN3,-16.844,-6.904,-16.806,1.7
C,ASN3,-18.072,-7.8,-16.928,1.7
O,ASN3,-18.115,-8.72,-17.743,1.52
C,ASN3,-15.854,-7.122,-17.946,1.7
C,ASN3,-14.703,-6.139,-17.888,1.7
O,ASN3,-13.561,-6.507,-17.6,1.52
N,ASN3,-15.009,-4.871,-18.113,1.55
N,GLN4,-19.073,-7.514,-16.099,1.55
C,GLN4,-20.313,-8.287,-16.082,1.7
C,GLN4,-21.397,-7.521,-15.328,1.7
O,GLN4,-21.154,-6.432,-14.812,1.52
C,GLN4,-20.079,-9.648,-15.425,1.7
C,GLN4,-19.608,-9.556,-13.987,1.7
C,GLN4,-19.344,-10.918,-13.379,1.7
O,GLN4,-20.21,-11.794,-13.39,1.52
N,GLN4,-18.144,-11.105,-12.84,1.55
N,HIS5,-22.599,-8.08,-15.281,1.55
C,HIS5,-23.666,-7.471,-14.503,1.7
C,HIS5,-23.358,-7.685,-13.035,1.7
O,HIS5,-23.193,-8.822,-12.595,1.52
C,HIS5,-25.013,-8.109,-14.834,1.7
C,HIS5,-25.462,-7.871,-16.239,1.7
N,HIS5,-26.235,-6.787,-16.598,1.55
C,HIS5,-25.241,-8.57,-17.377,1.7
C,HIS5,-26.478,-6.833,-17.896,1.7
N,HIS5,-25.885,-7.905,-18.393,1.55
N,LEU6,-23.267,-6.592,-12.287,1.55
C,LEU6,-22.974,-6.66,-10.862,1.7
C,LEU6,-24.052,-5.932,-10.079,1.7
O,LEU6,-24.197,-4.715,-10.194,1.52
C,LEU6,-21.612,-6.034,-10.568,1.7
C,LEU6,-20.418,-6.665,-11.281,1.7
C,LEU6,-19.19,-5.786,-11.103,1.7
C,LEU6,-20.155,-8.064,-10.763,1.7
N,GLY8,-26.229,-5.514,-6.191,1.55
C,GLY8,-26.233,-5.745,-4.759,1.7
C,GLY8,-24.859,-6.051,-4.209,1.7
O,GLY8,-23.911,-5.316,-4.465,1.52
N,HIS10,-22.73,-8.151,-4.972,1.55
C,HIS10,-21.764,-8.403,-6.039,1.7
C,HIS10,-21.093,-7.097,-6.47,1.7
O,HIS10,-19.891,-7.055,-6.725,1.52
C,HIS10,-22.471,-9.047,-7.236,1.7
C,HIS10,-23.081,-10.384,-6.933,1.7
N,HIS10,-23.461,-11.269,-7.919,1.55
C,HIS10,-23.366,-10.99,-5.755,1.7
C,HIS10,-23.951,-12.364,-7.363,1.7
N,HIS10,-23.906,-12.22,-6.05,1.55
N,LEU11,-21.886,-6.037,-6.55,1.55
C,LEU11,-21.398,-4.713,-6.938,1.7
C,LEU11,-20.523,-4.12,-5.847,1.7
O,LEU11,-19.446,-3.585,-6.105,1.52
C,LEU11,-22.588,-3.788,-7.211,1.7
C,LEU11,-22.268,-2.39,-7.735,1.7
C,LEU11,-21.211,-2.486,-8.812,1.7
C,LEU11,-23.529,-1.754,-8.277,1.7
N,VAL12,-20.99,-4.218,-4.61,1.55
C,VAL12,-20.242,-3.69,-3.49,1.7
C,VAL12,-18.902,-4.422,-3.332,1.7
O,VAL12,-17.879,-3.825,-2.988,1.52
C,VAL12,-21.096,-3.776,-2.212,1.7
C,VAL12,-20.252,-3.609,-1.029,1.7
C,VAL12,-22.169,-2.694,-2.241,1.7
N,GLU13,-18.912,-5.721,-3.589,1.55
C,GLU13,-17.695,-6.515,-3.515,1.7
C,GLU13,-16.682,-6.056,-4.574,1.7
O,GLU13,-15.481,-5.936,-4.304,1.52
C,GLU13,-18.046,-7.986,-3.712,1.7
C,GLU13,-16.884,-8.875,-4.073,1.7
C,GLU13,-17.296,-10.336,-4.139,1.7
O,GLU13,-17.726,-10.873,-3.092,1.52
O,GLU13,-17.204,-10.932,-5.236,1.52
N,ALA14,-17.166,-5.811,-5.782,1.55
C,ALA14,-16.298,-5.308,-6.856,1.7
C,ALA14,-15.701,-3.941,-6.523,1.7
O,ALA14,-14.507,-3.704,-6.731,1.52
C,ALA14,-17.065,-5.24,-8.157,1.7
N,LEU15,-16.536,-3.036,-6.021,1.55
C,LEU15,-16.066,-1.724,-5.592,1.7
C,LEU15,-14.977,-1.846,-4.54,1.7
O,LEU15,-13.957,-1.159,-4.594,1.52
C,LEU15,-17.228,-0.89,-5.054,1.7
C,LEU15,-18.132,-0.253,-6.108,1.7
C,LEU15,-19.434,0.217,-5.476,1.7
C,LEU15,-17.42,0.908,-6.806,1.7
N,TYR16,-15.196,-2.733,-3.58,1.55
C,TYR16,-14.214,-2.982,-2.528,1.7
C,TYR16,-12.884,-3.467,-3.093,1.7
O,TYR16,-11.823,-2.978,-2.708,1.52
C,TYR16,-14.766,-4.015,-1.551,1.7
C,TYR16,-13.748,-4.582,-0.595,1.7
C,TYR16,-13.213,-3.811,0.431,1.7
C,TYR16,-13.338,-5.909,-0.707,1.7
C,TYR16,-12.29,-4.347,1.318,1.7
C,TYR16,-12.419,-6.445,0.163,1.7
C,TYR16,-11.899,-5.665,1.173,1.7
O,TYR16,-10.991,-6.225,2.037,1.52
N,LEU17,-12.941,-4.437,-4.002,1.55
C,LEU17,-11.725,-4.998,-4.583,1.7
C,LEU17,-10.983,-3.979,-5.439,1.7
O,LEU17,-9.751,-3.889,-5.407,1.52
C,LEU17,-12.06,-6.221,-5.428,1.7
C,LEU17,-12.491,-7.468,-4.651,1.7
C,LEU17,-12.867,-8.59,-5.593,1.7
C,LEU17,-11.383,-7.898,-3.717,1.7
N,VAL18,-11.738,-3.226,-6.224,1.55
C,VAL18,-11.15,-2.27,-7.151,1.7
C,VAL18,-10.557,-1.063,-6.431,1.7
O,VAL18,-9.454,-0.628,-6.747,1.52
C,VAL18,-12.188,-1.824,-8.207,1.7
C,VAL18,-11.714,-0.594,-8.955,1.7
C,VAL18,-12.468,-2.973,-9.165,1.7
N,CYS19,-11.268,-0.548,-5.433,1.55
C,CYS19,-10.874,0.709,-4.803,1.7
C,CYS19,-9.819,0.588,-3.702,1.7
O,CYS19,-9.167,1.576,-3.355,1.52
C,CYS19,-12.102,1.455,-4.285,1.7
S,CYS19,-13.231,1.932,-5.593,1.8
N,GLY20,-9.653,-0.608,-3.15,1.55
C,GLY20,-8.606,-0.825,-2.167,1.7
C,GLY20,-8.661,0.162,-1.014,1.7
O,GLY20,-9.737,0.464,-0.501,1.52
N,GLU21,-7.507,0.678,-0.599,1.55
C,GLU21,-7.474,1.534,0.591,1.7
C,GLU21,-8.014,2.944,0.351,1.7
O,GLU21,-8.123,3.737,1.283,1.52
C,GLU21,-6.075,1.569,1.22,1.7
C,GLU21,-5.015,2.28,0.401,1.7
C,GLU21,-3.631,2.179,1.034,1.7
O,GLU21,-2.707,2.876,0.563,1.52
O,GLU21,-3.47,1.401,2.002,1.52
N,ARG22,-8.356,3.251,-0.897,1.55
C,ARG22,-9.04,4.498,-1.213,1.7
C,ARG22,-10.456,4.461,-0.645,1.7
O,ARG22,-11.008,5.48,-0.235,1.52
C,ARG22,-9.13,4.7,-2.726,1.7
C,ARG22,-7.876,5.228,-3.4,1.7
C,ARG22,-8.072,5.288,-4.922,1.7
N,ARG22,-8.003,3.963,-5.546,1.55
C,ARG22,-8.246,3.711,-6.833,1.7
N,ARG22,-8.151,2.467,-7.288,1.55
N,ARG22,-8.588,4.69,-7.664,1.55
N,GLY23,-11.048,3.276,-0.627,1.55
C,GLY23,-12.442,3.151,-0.243,1.7
C,GLY23,-13.323,3.633,-1.376,1.7
O,GLY23,-12.832,3.954,-2.46,1.52
N,PHE24,-14.625,3.7,-1.132,1.55
C,PHE24,-15.558,4.055,-2.188,1.7
C,PHE24,-16.875,4.561,-1.614,1.7
O,PHE24,-17.092,4.53,-0.402,1.52
C,PHE24,-15.811,2.837,-3.086,1.7
C,PHE24,-16.428,1.661,-2.361,1.7
C,PHE24,-15.628,0.691,-1.776,1.7
C,PHE24,-17.811,1.527,-2.269,1.7
C,PHE24,-16.189,-0.39,-1.107,1.7
C,PHE24,-18.378,0.446,-1.597,1.7
C,PHE24,-17.562,-0.513,-1.015,1.7
N,PHE25,-17.742,5.048,-2.487,1.55
C,PHE25,-19.108,5.343,-2.088,1.7
C,PHE25,-20.081,4.558,-2.948,1.7
O,PHE25,-19.912,4.448,-4.158,1.52
C,PHE25,-19.41,6.848,-2.118,1.7
C,PHE25,-19.035,7.523,-3.399,1.7
C,PHE25,-17.729,7.929,-3.625,1.7
C,PHE25,-19.989,7.772,-4.374,1.7
C,PHE25,-17.376,8.562,-4.808,1.7
C,PHE25,-19.645,8.407,-5.56,1.7
C,PHE25,-18.336,8.802,-5.778,1.7
N,TYR26,-21.09,3.991,-2.301,1.55
C,TYR26,-22.087,3.184,-2.976,1.7
C,TYR26,-23.429,3.866,-2.826,1.7
O,TYR26,-23.966,3.954,-1.726,1.52
C,TYR26,-22.136,1.795,-2.35,1.7
C,TYR26,-23.255,0.93,-2.876,1.7
C,TYR26,-24.28,0.506,-2.042,1.7
C,TYR26,-23.285,0.533,-4.203,1.7
C,TYR26,-25.304,-0.295,-2.516,1.7
C,TYR26,-24.304,-0.265,-4.69,1.7
C,TYR26,-25.313,-0.675,-3.842,1.7
O,TYR26,-26.328,-1.469,-4.32,1.52
N,THR27,-23.96,4.365,-3.936,1.55
C,THR27,-25.185,5.147,-3.909,1.7
C,THR27,-26.169,4.594,-4.936,1.7
O,THR27,-26.193,5.035,-6.082,1.52
C,THR27,-24.889,6.637,-4.188,1.7
O,THR27,-24.271,6.772,-5.473,1.52
C,THR27,-23.936,7.182,-3.151,1.7
N,PRO28,-26.989,3.62,-4.517,1.55
C,PRO28,-27.893,2.887,-5.411,1.7
C,PRO28,-29.081,3.726,-5.872,1.7
O,PRO28,-29.671,3.417,-6.908,1.52
C,PRO28,-28.401,1.73,-4.542,1.7
C,PRO28,-27.658,1.813,-3.247,1.7
C,PRO28,-27.128,3.19,-3.118,1.7
N,LYS29,-29.436,4.751,-5.105,1.55
C,LYS29,-30.532,5.642,-5.483,1.7
C,LYS29,-30.051,6.834,-6.309,1.7
O,LYS29,-30.669,7.191,-7.315,1.52
C,LYS29,-31.305,6.122,-4.251,1.7
C,LYS29,-32.706,5.526,-4.105,1.7
C,LYS29,-32.69,4.118,-3.525,1.7
C,LYS29,-32.356,3.061,-4.572,1.7
N,LYS29,-33.458,2.854,-5.553,1.55
N,ALA30,-28.95,7.446,-5.884,1.55
C,ALA30,-28.366,8.568,-6.616,1.7
C,ALA30,-27.782,8.115,-7.955,1.7
O,ALA30,-27.485,8.928,-8.831,1.52
C,ALA30,-27.302,9.269,-5.772,1.7
O,ALA30,-27.594,6.921,-8.197,1.52
